{ "$set" : { "totalDistance" : 122.40015468544325, "totalCo2FootPrint" : 14.49840634210317, "totalCost" : 30.360023202816485, "__lastHandledEventSequenceNumber" : { "$numberDecimal" : "32" } } }